Library ,SMART,R1,R2
Lup_AJN_p1_n1,CCTATC,Lup_AJN_CD4p_170723_L16_S2_R1_001.fastq.gz,Lup_AJN_CD4p_170723_L16_S2_R2_001.fastq.gz
Lup_AJN_p1_n2,CCTATC,Lup_AJN_CD4p_190723_L15_S1_R1_001.fastq.gz,Lup_AJN_CD4p_190723_L15_S1_R2_001.fastq.gz
Lup_DEVk_p1_n1,GGCCTC,Lup_DEVk_CD4p_140723_L23_S3_R1_001.fastq.gz,Lup_DEVk_CD4p_140723_L23_S3_R2_001.fastq.gz
Lup_DEVk_p1_n2,GGCCTC,Lup_DEVk_CD4p_xx_L24_S4_R1_001.fastq.gz,Lup_DEVk_CD4p_xx_L24_S4_R2_001.fastq.gz
Lup_KAA_p1_n1,AACGCT,Lup_KAA_CD4p_140723_L37_S5_R1_001.fastq.gz,Lup_KAA_CD4p_140723_L37_S5_R2_001.fastq.gz
Lup_KAA_p1_n2,AACGCT,Lup_KAA_CD4p_180723_L38_S6_R1_001.fastq.gz,Lup_KAA_CD4p_180723_L38_S6_R2_001.fastq.gz
Lup_MXD_p1_n1,AACCAG,Lup_MXD_CD4p_170723_L49_S7_R1_001.fastq.gz,Lup_MXD_CD4p_170723_L49_S7_R2_001.fastq.gz
Lup_NUR_p1_n1,CCTATC,Lup_NUR_CD4p_140723_L51_S8_R1_001.fastq.gz,Lup_NUR_CD4p_140723_L51_S8_R2_001.fastq.gz
Lup_NUR_p1_n2,CCTATC,Lup_NUR_CD4p_140723_L52_S9_R1_001.fastq.gz,Lup_NUR_CD4p_140723_L52_S9_R2_001.fastq.gz
Lup_TIS_p1_n1,AGGCGT,Lup_TIS_CD4p_RNA_270723_L69_S10_R1_001.fastq.gz,Lup_TIS_CD4p_RNA_270723_L69_S10_R2_001.fastq.gz
Lup_TIS_p1_n2,AGGCGT,Lup_TIS_CD4p_200723_L70_S11_R1_001.fastq.gz,Lup_TIS_CD4p_200723_L70_S11_R2_001.fastq.gz
Lup_DEMA_p2_n1,AGGCGT,Lup_DEMA_CD4p_260124_L81_S12_R1_001.fastq.gz,Lup_DEMA_CD4p_260124_L81_S12_R2_001.fastq.gz
Lup_DEMA_p2_n2,AGGCGT,Lup_DEMA_CD4p_290124_L82_S13_R1_001.fastq.gz,Lup_DEMA_CD4p_290124_L82_S13_R2_001.fastq.gz
Lup_MXD_p2_n1,ATTCTC,Lup_MXD_CD4p_260124_L109_S14_R1_001.fastq.gz,Lup_MXD_CD4p_260124_L109_S14_R2_001.fastq.gz
Lup_MXD_p2_n2,ATTCTC,Lup_MXD_CD4p_290124_L110_S15_R1_001.fastq.gz,Lup_MXD_CD4p_290124_L110_S15_R2_001.fastq.gz